scouter,eventCode,matchLevel,matchNumber,robot,teamNumber,as,asg,acc,acs,am,ad,tct,tsg,tfc,wf,wd,who,lnk,fpu,dt,fs,dn,ds,ls,dr,sd,sr,die,tip,dc,all,co,Column34,Column35,Column36,Column37,Column38,Column39,Column40,Column41
JIH,2023inmish,qm,1,r1,5402,[71],[],0,0,0,x,[],"[8,27,33]",0,0,0,,0,0,6.9,d,2,1,0,b,1,3,0,0,0,0,Very shaky arm,,,,,,,,
IS,2023inmish,qm,1,r1,5402,[26],[],0,0,0,x,[],"[8,27,33]",0,0,0,,0,0,0,e,2,1,0,x,0,2,0,0,1,0,,,,,,,,,
JAM,2023inmish,qm,1,r2,2909,[47],[],0,0,0,a,[],[31],0,0,0,,0,0,0,a,2,,0,x,0,3,1,0,0,0,,,,,,,,,
JP,2023inmish,qm,1,b2,3176,[50],[5],0,1,1,e,"[7.6,9.3]","[8,14]",0,1,0,,0,2,3.1,e,2,2,0,a,0,3,0,0,0,1,Average but effective,,,,,,,,
Kenny,2023inmish,qm,1,b3,3940,[63],[2],1,1,1,x,[],"[11,1,3,4]",0,0,0,,1,3,0,x,2,1,1,x,0,5,0,0,1,0,dropped often ,,,,,,,,
LRS,2023inmish,qm,1,b3,3940,[63],[2],1,1,1,x,"[9.4,0.7,42.0,40.7,22.0]","[11,1,3,4,29]",0,0,0,,1,3,0,x,2,2,1,x,1,4,0,0,0,1,,,,,,,,,
COJ,2023inmish,qm,1,b1,3147,[26],[],0,0,1,x,[30.4],[17],0,1,0,,0,1,11.9,e,2,1,0,x,1,3,0,0,1,0,,,,,,,,,
AMK,2023inmish,qm,1,b1,3147,[26],[],0,0,1,x,[],[8],0,1,0,,0,0,11.2,e,2,0,0,x,0,4,0,1,1,0,None,,,,,,,,
LPM,2023inmish,qm,2,r2,6956,[71],[8],0,0,0,x,[],[11],0,0,0,,0,2,0,a,2,0,1,x,1,2,0,0,1,0,,,,,,,,,
JIH,2023inmish,qm,2,r1,3176,[35],[1],1,1,1,a,[12.5],"[3,2,9,7]",0,1,0,,1,0,0,a,0,2,2,e,1,5,0,0,0,1,Baller,,,,,,,,
ZB,2023inmish,qm,2,r3,1555,[47],[],0,0,0,x,[],[],0,0,0,,0,0,0,a,0,0,0,x,0,1,0,0,0,0,Didnt contribute,,,,,,,,
IS,2023inmish,qm,2,r1,3176,[50],[4],1,0,0,a,[6.3],"[9,7,3,2]",0,0,0,,1,0,0,a,0,2,1,x,1,4,0,0,0,0,,,,,,,,,
JAM,2023inmish,qm,2,r2,6596,[59],[8],1,0,1,x,[],[11],0,0,0,,0,2,0,x,0,1,0,x,1,3,0,0,0,0,Trouble picking up cube,,,,,,,,
AMK,2023inmish,qm,2,b1,6721,[26],[],1,1,1,x,[],[],0,0,0,,0,0,0,x,2,-1,0,x,0,2,1,0,1,0,Robot stoped working after getting hit ,,,,,,,,
JP,2023inmish,qm,2,b3,6721,[26],[],1,1,1,x,[],[],0,0,0,,0,0,0,x,2,0,0,b,0,1,1,0,0,0,Bumper fell off and robot froze,,,,,,,,
Kenny,2023inmish,qm,2,b3,5484,[63],[10],1,0,1,x,[],[2],0,0,0,,0,3,0,e,2,0,0,x,0,2,0,0,1,0,,,,,,,,,
Ljp,2023inmish,qm,2,b3,5484,[50],[2],0,0,0,x,[],"[2,1,5]",0,1,1,6955,0,0,0,e,2,1,0,a,0,4,0,0,0,0,Very inconsistent scoring,,,,,,,,
COJ,2023inmish,qm,2,b1,3487,[38],[5],0,0,1,e,"[24.3,11.8,33.2,26.4]","[4,10,6,9]",0,0,0,,1,1,16.5,d,2,2,0,x,0,4,0,0,0,1,,,,,,,,,
EAR,2023inmish,qm,2,r3,1555,[59],[],0,0,0,x,[57.0],[],0,0,0,,0,0,0,p,0,0,0,b,0,1,0,0,1,0,Bad overall!!,,,,,,,,
AMB,2023inmish,qm,2,b2,6721,[38],[27],1,0,1,x,[],[],0,0,0,,0,,0,x,2,0,0,b,0,2,1,1,0,0,,,,,,,,,
AMB,2023inmish,qm,3,b2,3865,[62],[],0,0,0,x,[],[],0,0,0,,0,0,0,x,1,0,0,b,1,1,1,0,0,0,"Barely moved, did nothing",,,,,,,,
LPM,2023inmish,qm,3,r2,2867,[71],[9],1,0,0,x,[],[8],0,0,0,,1,3,0,e,2,1,1,x,1,3,0,0,0,0,Not good pickup of floor pieces ,,,,,,,,
KG,2023inmish,qm,3,b3,328,[38],[],0,0,0,a,[],"[30,28,32,20]",0,0,0,,1,3,0,e,0,1,1,x,0,4,0,0,0,0,,,,,,,,,
JDP,2023inmish,qm,3,b2,3865,[62],[],0,0,1,x,[5.9],[],0,0,0,,0,0,0,x,1,0,0,b,0,1,1,0,1,0,Died early,,,,,,,,
Ljp,2023inmish,qm,3,b3,328,[38],[5],0,0,1,d,[],"[28,32,5,22,30,29]",0,0,0,,1,3,3.6,e,1,2,0,a,0,4,0,0,0,1,Reliably scored low with a good auto ,,,,,,,,
JAM,2023inmish,qm,3,r2,2867,[71],[9],0,0,1,x,[],"[8,20]",0,0,0,,0,3,0,e,2,2,3,x,0,3,0,0,0,0,Clamp innefective,,,,,,,,
AMK,2023inmish,qm,3,b1,910,[26],[],0,0,0,x,[],[],0,0,0,,0,,0,x,1,-1,0,x,0,3,1,0,0,0,Bot died before match,,,,,,,,
BW,2023inmish,qm,3,r3,2197,[59],[],0,1,0,d,[],[],3,0,0,,0,1,15,e,2,2,0,x,1,4,0,0,0,1,Dropped off cones for their alliance very efficien,,,,,,,,
JDP,2023inmish,qm,3,b2,3865,[62],[],0,0,1,x,[5.9],[],0,0,0,,0,0,0,x,1,0,0,b,0,1,1,0,1,0,Died early,,,,,,,,
JIH,2023inmish,qm,3,r1,9208,[35],[2],0,0,0,x,"[20.8,20.1]","[7,16]",0,1,0,,1,0,0,x,2,1,1,x,1,4,0,1,0,0,Everybody without floor intake,,,,,,,,
EAR,2023inmish,qm,3,r3,2197,[59],[23],0,0,0,d,"[21.8,17.4]",[7],2,1,0,,1,0,14.7,e,2,1,0,a,0,3,0,1,1,1,Good game knowledge.,,,,,,,,
AMB,2023inmish,qm,4,b2,45,[62],[],1,0,1,x,[],[5],0,1,0,,0,0,0,e,2,0,0,b,0,4,0,0,1,0,Not smooth movement,,,,,,,,
JAM,2023inmish,qm,4,r2,1747,[71],[],0,0,0,x,[],"[34,14]",0,0,0,,0,,0,x,0,1,0,x,0,3,1,0,0,0,"Restarted, emphasizd cubes",,,,,,,,
JDP,2023inmish,qm,4,b3,1024,[50],[],1,1,1,d,"[9.8,5.1,6.3,10.8,15.3]","[1,2,3,4]",0,0,0,,1,3,3.4,e,3,2,2,x,1,4,0,0,0,1,Match restarted,,,,,,,,
WC,2023inmish,qm,4,b3,1024,[38],[32],1,1,1,d,"[26.2,0.7,9.1,17.2,24.6,29.5]","[-8,1,2,3,4,6]",0,0,0,,1,3,0.5,d,2,2,2,x,1,4,0,0,0,1,Match restarted,,,,,,,,
AMK,2023inmish,qm,4,b1,910,[26],[],1,0,1,x,[11.3],"[27,7]",0,1,0,,0,0,0,a,2,1,0,x,0,4,0,0,0,0,Match restarted,,,,,,,,
LPM,2023inmish,qm,4,r2,1747,[71],[],0,0,0,x,[],"[35,14]",0,0,0,,0,0,0,x,0,0,1,x,1,3,0,0,0,0,,,,,,,,,
LJP,2023inmish,qm,4,b3,1024,[59],[],0,0,0,e,[],"[1,2,3,4]",0,0,0,,1,3,6.3,e,2,2,1,a,1,5,0,0,0,1,Amazing consistently I expect them to do well,,,,,,,,
SGG,2023inmish,qm,4,b1,910,[71],[],1,0,0,x,"[46.7,52.1,4.5]","[9,7]",0,1,0,,0,0,18.4,a,2,1,0,a,1,3,0,0,0,1,,,,,,,,,
CAH,2023inmish,qm,4,r3,9071,[35],[],0,0,1,x,[],[],0,0,0,,0,0,0,p,0,0,0,b,0,1,0,0,0,0,I think a mechanism broke on the bot,,,,,,,,
RMK,2023inmish,qm,4,r1,1018,[59],[],0,0,0,x,"[34.2,39.1]","[14,15,13,17]",0,1,0,,1,0,0,x,0,1,1,x,0,3,0,0,0,0,No Auton,,,,,,,,
EAR,2023inmish,qm,4,r3,9071,[35],[],0,0,1,x,[],[20],0,1,0,,0,0,0,x,0,0,0,b,0,2,0,1,1,0,Didn't complete anything,,,,,,,,
Zmb,2023inmish,qm,5,r3,4926,[47],[],0,0,1,e,[7.8],[14],0,0,0,,0,0,25.6,x,1,1,0,x,0,2,1,0,0,0,,,,,,,,,
LPM,2023inmish,qm,5,r2,3936,[47],[2],1,0,0,x,[],[4],0,0,0,,0,,0,e,1,0,0,x,1,3,0,0,0,0,Bad pickup,,,,,,,,
AMB,2023inmish,qm,5,b2,862,[38],[],0,1,1,e,[],[],0,1,0,,0,0,0,e,2,1,0,b,1,3,0,0,1,0,Only scored by pushing pieces ,,,,,,,,
SGG,2023inmish,qm,5,b1,9119,[63],[],0,0,0,x,[],[],0,0,0,,0,0,0,x,2,-1,0,x,0,1,1,0,0,0,,,,,,,,,
WC,2023inmish,qm,5,b3,71,[26],[],1,0,1,x,"[9.5,1.5,11.5,6.8,1.4,19.3,24.3,5.9,17.6]","[5,35,8,14,34,11]",0,0,0,,0,2,0,e,2,2,0,x,1,4,0,0,0,1,Went for cube,,,,,,,,
DNO,2023inmish,qm,5,b1,9119,[62],[],0,0,0,x,[],[],0,0,0,,0,0,0,x,2,-1,0,b,0,1,1,0,0,0,Robot stalled,,,,,,,,
Mdm,2023inmish,qm,5,b2,862,[37],[],0,0,1,e,[],"[28,23,24]",0,1,0,,0,0,4.2,e,2,1,2,x,1,3,0,0,0,0,,,,,,,,,
LJP,2023inmish,qm,5,b3,71,[71],[],0,0,1,x,[16.1],"[5,8,35]",0,0,0,,1,2,3.5,e,2,2,0,x,0,5,0,0,0,1,Only cubes in match but wears to be capable of con,,,,,,,,
AMK,2022inmish,qm,5,b1,9119,[62],[],0,0,0,x,[],[],0,0,0,,0,x,0,x,2,x,0,x,0,3,1,0,0,0,The robot would not start,,,,,,,,
JAM,2023inmish,qm,5,r2,3936,[35],[2],0,0,1,x,[],[4],0,0,0,,0,1,0,e,1,1,0,x,0,3,0,0,0,0,Claw motor stopped working after a hit with 4926,,,,,,,,
EAR,2023inmish,qm,5,r3,4926,[59],[],0,1,0,e,"[7.7,26.1]",[14],0,0,0,,0,1,0,x,1,1,0,a,0,3,1,0,0,0,Possible alliance? Undefined,,,,,,,,
LPM ,2023inmish,qm,5,r2,868,[71],[17],0,1,0,e,[],[14],0,0,0,,0,0,0,e,2,1,2,g,1,3,0,0,0,1,"Good at defense, placing not observed",,,,,,,,
RMK,2023inmish,qm,5,r1,4982,[71],[],1,0,0,x,[107.7],[],0,0,0,,0,0,13.9,a,1,0,0,x,0,1,1,0,1,0,Poor grip on cones and cubes,,,,,,,,
WC,2023inmish,qm,6,b3,5484,[62],[10],1,0,1,x,"[20.2,4.2,33.2,7.6]","[10,11,33]",0,0,0,,1,2,15.4,e,2,1,1,x,0,2,0,0,1,0,,,,,,,,,
AMK,2022carv,qm,6,b1,328,[26],[],1,1,1,x,"[6.7,1.5,10.7,11.7]",[35],0,1,0,,0,u,4.8,e,2,a,0,x,0,3,0,0,0,1,,,,,,,,,
JAM,2023inmish,qm,6,r3,868,[47],[5],0,0,1,e,[],[14],0,0,0,,0,2,0,e,2,-1,0,g,1,3,0,0,0,1,Very precise but doesn't take cubes,,,,,,,,
AMB,2023inmish,qm,6,b2,1501,[38],[],0,0,0,x,[],[22],0,1,0,,0,0,0,x,0,1,0,b,1,3,1,1,0,0,"Fell over, didnt move during auto",,,,,,,,
RMK,2023inmish,qm,6,r1,461,[71],[17],1,0,0,x,"[12.9,29.9,21.7,38.6]","[9,7,15,8]",0,1,0,,1,0,5.9,e,2,2,1,a,1,4,0,0,0,1,Fast,,,,,,,,
SGG,2023inmish,qm,6,b1,328,[64],[],1,0,1,x,"[26.2,50.5,23.5]","[17,25,35]",0,0,0,,0,3,2.3,e,2,1,3,a,0,3,0,0,0,1,,,,,,,,,
RP,2023inmish,qm,6,r1,461,[69],[9],0,0,1,x,[],"[16,18,17]",0,1,0,,1,2,0,e,2,2,1,x,0,4,0,0,0,1,,,,,,,,,
ela,2023inmish,qm,6,r3,7477,[35],[],0,0,0,x,[120.2],[],0,0,0,,0,1,0,x,2,0,0,x,0,1,0,0,1,0,"they ran into the walls, very slow",,,,,,,,
Mdm,2023inmish,qm,6,b2,1501,[37],[],0,0,0,x,[12.9],"[23,12,4]",0,1,0,,0,0,0,x,2,1,0,x,1,3,1,1,0,0,Fell over,,,,,,,,
LRS,2023inmish,qm,6,b3,5484,[26],[],1,1,1,x,[],[10],0,0,0,,0,3,0,e,2,1,1,x,1,3,0,1,0,1,,,,,,,,,
AMK,2022inmish,qm,7,b1,1018,[38],[],0,0,0,x,"[10.6,9.8,6.1,4.1,0.7]","[5,8,14,16]",0,1,0,,1,x,13,e,2,v,0,x,0,5,0,1,0,1,Fast,,,,,,,,
LRS,2023inmish,qm,7,b3,5402,[62],[],0,0,0,x,"[507.9,48.4]","[1,11]",0,0,0,,0,1,0,e,2,1,0,x,1,3,0,0,0,0,,,,,,,,,
AMB,2023inmish,qm,7,b2,3176,[26],[7],1,1,1,e,[],"[6,4,3,5]",0,1,0,,1,2,0,x,2,2,0,g,1,4,0,0,0,0,,,,,,,,,
ADO,2023inmish,qm,7,b3,5402,[62],[],0,0,0,x,[],"[1,4,11]",0,0,0,,0,1,16.2,e,2,1,0,x,0,2,0,0,0,0,Didnt do anything at auto,,,,,,,,
Mdm,2023inmish,qm,7,b2,3176,[25],[7],1,0,1,e,"[4.1,7.5,25.7,51.3]","[6,7,3]",0,1,0,,1,2,0,p,2,2,2,a,1,4,0,0,0,0,Knocked over other robot,,,,,,,,
RLP,2023inmish,qm,7,r1,135,[71],[17],0,0,1,x,[],"[8,18,36,35]",0,0,0,,0,3,0,p,1,1,0,x,0,2,0,0,0,0,,,,,,,,,
TJM,2023inmish,qm,7,b2,3176,[26],[],0,1,1,e,"[4.7,18.6]","[6,7,8,3]",0,0,0,,1,0,0,x,0,1,0,x,1,3,0,0,0,0,,,,,,,,,
COJ,2023inmish,qm,7,b1,1018,[38],[],0,0,0,x,"[7.1,38.7]","[5,14]",0,1,0,,0,2,27.3,e,2,1,0,x,0,4,0,0,0,0,,,,,,,,,
LJA,2023inmish,qm,7,r1,135,[71],[35],1,0,1,x,[],"[8,18,17,36]",0,0,0,,0,3,0,a,1,2,0,x,1,3,1,0,0,1,Good at picking up and placing cubes,,,,,,,,
ela,2023inmish,qm,7,r3,9071,[47],[],0,1,0,x,[92.7],[],0,0,1,1018,0,1,0,x,1,2,0,a,0,3,1,0,0,0,got knocked over by 3176,,,,,,,,
JAM,2023inmish,qm,7,r2,9208,[35],[2],1,0,1,x,[],"[1,3,7]",0,0,0,,1,0,0,e,0,2,0,x,0,4,0,0,0,1,Similar design to us,,,,,,,,
CAH,2023inmish,qm,7,r3,9071,[59],[],1,1,1,x,[],[],0,0,1,3176,0,0,0,x,0,1,0,b,0,1,1,1,0,0,Oof ,,,,,,,,
Zmb,2023inmish,qm,8,r3,9119,[12],[],0,0,0,x,[],[],0,0,0,,0,,0,x,0,,0,x,0,1,0,0,0,0,Did not show,,,,,,,,
LPM,2023inmish,qm,8,r2,4926,[59],[],0,1,0,e,[],"[14,29,30,28,31]",0,0,0,,1,2,0,x,1,1,1,x,0,3,0,0,0,1,Great at getting floor cubes,,,,,,,,
AMB,2023inmish,qm,8,b2,4982,[26],[],0,0,0,x,[],[],0,0,0,,0,2,0,x,2,0,0,b,0,1,1,0,1,0,"Froze, barely moved, never scored",,,,,,,,
JAM,2023inmish,qm,8,r2,4926,[47],[],0,0,1,e,[],"[14,29,30,28,31]",0,0,0,,1,2,0,a,0,2,0,g,0,4,0,0,0,1,,,,,,,,,
RLP,2023inmish,qm,8,r1,910,[71],[],1,0,1,x,[],"[9,8,7,16]",0,0,0,,0,0,0,a,0,1,0,x,0,4,0,0,0,0,,,,,,,,,
Mdm,2023inmish,qm,8,b2,4982,[25],[],0,0,0,x,[],[],0,0,0,,0,2,0,p,2,0,0,x,0,3,1,0,0,0,,,,,,,,,
AMK,2022inmish,qm,8,b1,2197,[38],[],1,1,1,a,[],[],0,1,0,,0,x,25.6,e,2,a,0,x,0,5,0,0,1,0,Very zoomy but gets james often,,,,,,,,
LJA,2023inmish,qm,8,r1,910,[71],[],1,0,0,x,[28.2],"[9,8,7,15]",0,1,0,,1,3,6.8,a,0,2,1,x,1,4,0,0,0,1,Good at taking cones from other side.,,,,,,,,
COJ,2023inmish,qm,8,b1,2197,[38],[],0,1,1,x,[],[],1,1,0,,0,0,27.5,e,2,2,0,x,0,5,0,0,0,1,,,,,,,,,
ela,2023inmish,qm,8,r3,9919,[35],[],0,0,0,x,[],[],0,0,0,,0,0,0,x,0,-1,0,x,0,3,0,0,0,0,wasn't there,,,,,,,,
ADO,2023inmish,qm,8,b3,6956,[62],[],1,0,1,x,[],"[2,1]",0,0,0,,1,1,2.2,e,2,1,0,x,0,3,0,1,1,0,Able to help stuck bot,,,,,,,,
LRS,2023inmish,qm,8,b3,6956,[62],[],1,1,1,x,[4.7],[2],0,1,0,,1,,14,e,2,1,0,x,0,3,0,1,0,1,,,,,,,,,
LPM ,2023inmish,qm,9,r2,461,[47],[32],0,1,0,a,[],"[3,20,21,6,5]",0,0,0,,1,2,0,a,0,2,2,x,1,3,0,0,0,0,Decent,,,,,,,,
EAR,2023inmish,qm,9,b3,2909,[58],[],0,0,0,x,"[8.4,28.5]","[19,21]",0,0,0,,0,1,12.3,e,2,1,0,a,0,2,0,0,1,0,Meh,,,,,,,,
Ado,2023inmish,qm,9,b3,2909,[62],[],1,1,1,x,[],[1],0,1,0,,0,1,12.9,e,2,0,0,x,0,2,0,0,1,0,"Didnt score much, struggled to pick up anything",,,,,,,,
ela,2023inmish,qm,9,r3,3936,[47],[],0,0,0,x,"[24.9,33.3]","[1,4,16]",0,0,0,,1,,0,d,3,1,1,x,0,3,0,0,0,1,very effective in getting cones,,,,,,,,
Cjn,2023inmish,qm,9,r2,461,[47],[],0,0,0,x,"[27.1,11.0,26.7,3.9]","[3,6,5]",0,1,0,,0,0,0,d,2,2,4,e,1,3,0,0,0,0,,,,,,,,,
LJA,2023inmish,qm,9,r1,2867,[70],[],1,0,0,x,[],"[27,34]",0,0,1,",7477",0,3,0,d,3,1,0,x,0,3,0,0,0,0,,,,,,,,,
SGG,2023inmish,qm,9,b1,7477,[2],[],0,0,0,x,[4.5],[1],0,0,0,,0,0,0,p,2,0,0,x,0,2,0,0,0,0,,,,,,,,,
ZD,2023inmish,qm,9,b1,7477,[50],[],0,0,0,x,[],[18],0,0,0,,0,1,0,x,2,1,0,a,1,3,0,0,1,0,Did nothing of note,,,,,,,,
AMB,2023inmish,qm,9,b2,3940,[38],[],0,0,0,x,[],"[6,4]",0,1,0,,0,0,0,e,2,1,0,b,1,3,0,1,1,0,Data does not include auton period,,,,,,,,
CRU,2023inmish,qm,10,b2,6721,[62],[32],0,0,0,e,[],[],0,0,0,,0,,0,x,0,1,0,e,0,3,1,0,0,0,,,,,,,,,
CJN,2023inmish,qm,10,r2,3865,[35],[],0,0,0,x,[14.1],[5],0,0,0,,0,1,2.5,e,3,0,0,x,0,1,0,0,0,0,,,,,,,,,
KG,2023inmish,qm,10,b3,862,[38],[],0,1,0,e,"[14.6,15.0,13.2]","[1,3,4]",0,0,0,,0,1,0,e,2,1,0,x,0,3,0,0,0,0,,,,,,,,,
LRS,2023inmish,qm,10,b3,862,[38],[32],0,1,1,e,"[13.3,18.3]","[1,3,4,21]",0,0,0,,1,3,0,e,2,2,0,x,1,4,0,0,0,1,Dropped one cone,,,,,,,,
TJM,2023inmish,qm,10,b2,6721,[62],[],0,0,0,x,[],[],0,0,0,,0,0,0,x,0,-1,0,x,0,1,0,0,0,0,Seemed to shut down mid March,,,,,,,,
C.M.C,2023inmish,qm,10,r2,3865,[35],[],1,1,1,x,[7.0],[],0,0,0,,0,1,0,e,3,0,0,x,0,3,0,0,0,0,Didnt really do much tbh ,,,,,,,,
WS,2023inmish,qm,10,r1,1555,[59],[],0,0,0,x,[],[18],0,0,0,,0,0,6.7,e,3,0,0,x,0,1,0,0,0,0,,,,,,,,,
JLD,2023inmish,qm,10,r3,1747,[62],[],0,0,0,d,[],[],0,0,1,6721,0,0,0,p,3,2,0,g,0,3,0,0,0,1,,,,,,,,,
AMB,2023inmish,qm,10,b2,6721,[62],[],0,0,0,x,[],[],0,0,0,,0,,0,x,2,0,0,b,0,1,1,1,1,0,"Stopped twice, did nothing",,,,,,,,
CJN,2023inmish,qm,11,r2,45,[59],[],1,0,1,x,"[6.5,3.3]","[14,13]",0,1,0,,0,0,7.4,e,2,1,0,x,0,5,0,0,0,1,,,,,,,,,
KSG,2023inmish,qm,11,b3,3487,[38],[],0,0,0,x,[],[],0,0,0,,0,2,0,e,3,0,0,x,0,2,0,0,0,0,,,,,,,,,
AMB,2023inmish,qm,11,b2,1501,[62],[],0,0,0,x,[],"[10,3,4]",0,1,0,,0,,0,e,3,2,0,x,1,5,0,0,1,1,"Very fast, scored often",,,,,,,,
LJP,2023inmish,qm,11,b3,3487,[38],[1],0,0,1,a,[],"[28,21]",0,0,0,,1,3,0,x,0,1,1,a,0,2,0,0,0,0,Not impressive,,,,,,,,
CRU,2023inmish,qm,11,b2,1501,[62],[10],1,0,1,x,"[13.0,11.1]","[3,4,28]",0,0,0,,1,0,0,e,3,1,1,x,0,4,0,0,0,1,,,,,,,,,
WS,2023inmish,qm,11,r1,71,[59],[],0,0,1,e,[],"[8,14]",0,0,0,,0,2,3.8,e,2,2,0,x,0,4,0,0,0,1,,,,,,,,,
C.M.C,2023inmish,qm,11,r2,45,[71],[],1,1,1,x,[15.7],[15],0,0,0,,0,0,3.8,e,2,1,0,x,1,3,0,0,1,0,Decent at picking up but missed a few grid cones,,,,,,,,
CWS,2023inmish,qm,11,b1,3147,[26],[7],1,0,1,x,"[12.0,13.9]","[9,5]",0,1,1,,0,,5,e,3,2,0,e,1,4,0,1,0,0,Arm got caught in the drop off station,,,,,,,,
AMB,2023inmish,qm,12,b2,2866,[26],[26],1,0,1,x,[],"[26,24]",0,0,0,,0,1,0,e,2,0,0,x,0,1,0,1,0,0,Very slow and unprecise ,,,,,,,,
KSG,2023inmish,qm,12,b3,5402,[10],[1],1,0,1,x,[],[3],0,0,0,,0,3,0,x,1,-1,0,x,0,3,1,0,0,0,,,,,,,,,
CJN,2023inmish,qm,12,r2,2909,[59],[],0,0,0,x,"[39.2,56.9]",[23],0,0,0,,0,1,45.2,a,0,0,0,x,0,1,0,0,0,0,,,,,,,,,
SGG,2023inmish,qm,12,b1,328,[38],[],0,0,1,d,[],"[32,8,30]",0,1,0,,0,2,17.8,e,2,2,0,x,0,4,0,0,0,1,,,,,,,,,
LJP,2023inmish,qm,12,b3,5402,[62],[],0,0,1,x,[],"[1,3]",0,0,0,,1,3,0,x,1,2,0,a,1,4,1,0,0,0,Browned out,,,,,,,,
CRU,2023inmish,qm,12,b2,2867,[26],[],0,0,1,x,[22.9],[9],0,0,0,,1,0,0,e,2,1,1,x,0,3,0,0,1,0,,,,,,,,,
JLD ,2023inmish,qm,12,r3,9119,[62],[],0,0,0,d,[],[],0,0,1,,0,0,0,x,0,,0,x,0,1,1,0,0,0,,,,,,,,,
C.M.C,2023inmish,qm,12,r2,2909,[47],[],0,0,0,x,"[17.8,10.8,43.6]",[],0,0,0,,0,1,0,x,0,0,0,x,0,1,0,0,1,0,Not good at picking up game pieces,,,,,,,,
BW,2023inmish,qm,12,r3,9119,[35],[],0,0,0,x,[],[],0,0,0,,0,0,21.8,x,0,-1,0,x,0,3,1,0,0,0,Died at the start of match 12,,,,,,,,
WS,2023inmish,qm,12,r1,6956,[71],[],1,1,1,x,[],[8],0,1,0,,0,0,0,a,0,1,0,x,0,3,0,1,0,0,,,,,,,,,
CJN,2023inmish,qm,13,r2,4982,[59],[],0,0,0,x,[4.3],[14],0,0,0,,0,0,0,x,0,0,0,x,0,3,1,0,0,0,,,,,,,,,
C.M.C,2023inmish,qm,13,r2,4982,[59],[],0,0,0,x,[],[],0,0,0,,0,0,0,x,1,,0,x,0,3,1,0,0,0,Died seconds into teleop,,,,,,,,
SGG,2023inmish,qm,13,b1,3865,[62],[],1,0,1,x,[],[],0,0,0,,0,0,0,p,0,0,0,x,0,1,1,0,0,0,,,,,,,,,
TJM,2023inmish,qm,13,b2,7477,[38],[],0,0,1,x,[],[],0,0,0,,0,,0,x,0,0,0,x,0,2,0,0,0,0,Gripper broke,,,,,,,,
CWS,2023inmish,qm,13,b1,3865,[62],[],1,0,1,x,[],[],0,0,0,,0,0,0,x,0,-1,0,x,0,3,1,0,0,0,Did not move after auto,,,,,,,,
JP,2023inmish,qm,13,b2,7477,[50],[],0,0,1,x,[7.7],[],0,0,0,,0,2,0,a,0,0,0,b,0,1,0,0,0,0,"Slow, failed to pick up game pieces",,,,,,,,
CAH,2023inmish,qm,13,r3,1018,[35],[11],0,0,1,x,[],"[12,10,13]",0,0,0,,0,1,0,e,2,2,0,a,0,3,0,0,1,1,,,,,,,,,
JIH,2023inmish,qm,13,r1,135,[71],[8],0,0,1,x,"[17.9,9.9]","[17,18]",0,0,0,,1,3,12.8,d,2,1,1,g,0,3,0,0,0,1,Pretty nice arm+intake,,,,,,,,
AMB,2023inmish,qm,13,b2,7477,[38],[],0,0,0,x,[],[],0,0,0,,0,,0,a,0,0,0,b,0,1,0,1,1,0,"Very slow, never scored",,,,,,,,
WC,2023inmish,qm,13,b3,9071,[26],[],0,0,1,x,"[57.7,28.9]","[17,35,34]",0,0,1,1018,0,2,0,x,0,0,0,x,0,1,0,1,1,0,Seemed not to work,,,,,,,,
LJP,2023inmish,qm,13,b3,9071,[38],[],0,0,0,x,[],"[17,35]",0,0,0,135,0,2,0,x,1,0,0,b,0,1,0,1,0,0,BAD,,,,,,,,
COJ,2023inmish,qm,14,b1,45,[26],[],0,1,1,x,[67.5],[27],0,1,0,,0,1,25,a,2,1,0,x,0,5,0,1,1,0,,,,,,,,,
St cr,2023inmish,qm,14,b3,1555,[62],[],0,0,0,x,[],[],0,0,0,,0,0,21.2,e,2,1,0,e,0,3,0,0,0,0,,,,,,,,,
AMB,2023inmish,qm,14,b2,868,[38],[5],0,1,1,e,[],"[29,5]",0,1,0,,0,3,0,e,2,2,0,x,1,5,0,0,0,1,"Very fast, good scoring ",,,,,,,,
WC,2023inmish,qm,14,b3,1555,[62],[],0,0,0,x,"[2.2,0.5,3.0]",[20],0,0,0,,0,,19.8,d,2,0,0,b,0,4,0,0,0,0,"Play defence only, but wasn't very good at defence",,,,,,,,
TJM,2023inmish,qm,14,b2,868,[38],[5],0,0,1,e,"[13.9,20.4]",[20],0,1,0,,0,1,0,e,2,1,0,a,0,3,0,0,0,0,Gripper issues ,,,,,,,,
AMK,2023inmish,qm,14,b1,45,[26],[8],1,1,1,x,"[21.7,10.4,16.2,5.6]","[27,34]",0,1,0,,0,3,0,a,2,1,0,x,0,4,1,0,0,0,It fell at the end off the charge station,,,,,,,,
JDP,2023inmish,qm,14,b2,868,[38],[5],0,0,1,e,"[2.6,14.0,3.2]",[],0,0,0,,0,1,3.4,e,2,1,0,a,1,4,0,0,0,1,,,,,,,,,
JIH,2023inmish,qm,14,r1,71,[71],[],1,0,1,x,"[12.8,25.0,0.7,29.5,23.7]","[8,17,14,11]",0,0,0,,1,2,4.1,d,2,2,3,x,0,4,0,0,0,0,Only went for cubes but can pi,,,,,,,,
ISS,2023inmish,qm,14,r1,71,[71],[],1,0,1,x,"[11.8,3.6]","[35,17,14,11]",2,0,0,,1,2,0,e,2,2,0,x,0,4,0,0,0,1,,,,,,,,,
C.M.C,2023inmish,qm,14,r2,9208,[35],[2],1,1,1,x,"[27.6,11.9,8.8]","[4,3,7]",1,1,0,,1,0,2.2,e,2,2,1,x,0,4,0,0,0,0,Very good teammate Id recommend,,,,,,,,
CJN,2023inmish,qm,14,r2,9208,[47],[2],0,0,0,x,"[45.6,43.8]","[4,7]",0,1,0,,1,0,53.6,e,2,2,3,x,0,4,0,1,0,1,,,,,,,,,
St cr,2023inmish,qm,15,b3,3147,[63],[],0,0,0,x,[77.8],[3],0,0,0,,1,0,0,e,2,1,1,x,0,3,0,1,1,0,,,,,,,,,
CJN,2023inmish,qm,15,r2,3487,[71],[],0,0,0,x,"[55.7,15.5,11.9]","[6,5,18]",0,1,0,,1,1,63.3,d,1,1,2,x,0,3,0,0,0,1,,,,,,,,,
C.M.C,2023inmish,qm,15,r2,3487,[71],[],1,1,1,x,"[9.1,7.1,14.0]","[6,5]",0,0,0,,0,2,0,x,0,0,0,x,0,2,0,0,0,0,Wasnt very active,,,,,,,,
AMK,2023inmish,qm,15,b1,4962,[38],[],0,0,0,a,"[5.5,2.9]","[2,5]",0,1,0,,1,0,0,x,2,1,0,x,0,4,0,0,0,0,No comment,,,,,,,,
WC,2023inmish,qm,15,b3,3147,[62],[1],1,0,1,x,"[89.3,8.6]",[3],0,0,0,,0,1,11.5,e,2,1,0,x,0,1,0,0,1,0,Couldn't keep ahold of game price very slow,,,,,,,,
JIH,2023inmish,qm,15,r1,3176,[35],[1],1,0,1,x,"[9.0,31.2,23.6,33.1,1.1,24.2]","[9,7,4,42,33,34]",0,0,1,4926,1,0,0,x,2,2,5,x,1,5,0,0,0,1,Goated,,,,,,,,
BW,2023inmish,qm,15,r3,1024,[47],[],0,1,0,e,"[7.8,18.0,15.9,20.3,27.2,30.9]","[2,3,10,13,11,30]",0,0,0,,0,3,8.1,a,1,1,5,x,1,3,0,0,0,1,Very good,,,,,,,,
AMB,2023inmish,qm,15,b2,8103,[26],[],1,0,1,x,[],[8],0,0,1,3176,0,2,0,e,2,0,0,x,0,2,0,0,0,0,Stopped multiple times,,,,,,,,
COJ,2023inmish,qm,15,b1,4926,[38],[],0,0,1,a,"[16.8,46.6]","[2,5]",0,0,0,,0,3,29.7,x,2,1,0,x,1,4,0,0,0,0,,,,,,,,,
JDP,2023inmish,qm,15,b2,8104,[26],[],1,1,1,x,"[12.2,10.0]","[8,5]",0,1,0,,0,2,7.9,e,2,2,0,a,1,4,0,0,0,1,,,,,,,,,
TJM,2023inmish,qm,15,b2,8103,[26],[],0,0,1,x,[5.4],"[8,17]",0,0,0,,0,2,0,e,2,1,0,a,0,3,0,0,0,0,gripper stopped opening ,,,,,,,,
ISS,2023inmish,qm,15,r1,3176,[35],[3],1,0,1,x,[22.0],"[9,7,3,34]",0,0,0,,1,0,0,x,1,2,2,x,1,5,0,0,0,0,,,,,,,,,
LRS,2023inmish,qm,16,b3,1747,[63],[],0,0,0,x,[],[],0,0,0,,0,0,0,x,0,0,0,x,0,1,1,0,0,0,Never moved,,,,,,,,
RMK,2023inmish,qm,16,r1,2197,[47],[],1,1,0,e,[],[],2,0,0,,0,0,17.1,a,2,1,0,x,0,3,0,0,1,0,Full support of team,,,,,,,,
EAR,2023inmish,qm,16,r3,1501,[35],[1],0,1,0,x,"[28.1,32.2]","[5,2]",0,1,0,,0,0,13.9,e,2,1,0,x,0,3,0,0,0,0,Average,,,,,,,,
ADO,2023inmish,qm,16,b3,1747,[62],[],0,0,0,x,[],[],0,0,0,,0,0,0,x,0,-1,0,x,0,3,1,0,0,0,Did not move for entire match,,,,,,,,
MDMP,2023inmish,qm,17,b2,5402,[26],[],1,0,0,x,[],"[25,4]",0,0,0,,0,3,0,e,2,1,0,x,1,2,0,1,0,0,Was disconnected for a portion of the match,,,,,,,,
RMK,2023inmish,qm,17,r1,862,[47],[32],0,1,0,e,"[13.6,34.1,48.3,21.4]","[7,6,8,14]",0,0,0,,1,3,0,e,2,2,1,x,1,5,0,0,1,1,Very fast and accurate,,,,,,,,
EAR,2023inmish,qm,17,r3,2867,[35],[],0,0,0,x,"[30.6,30.8,40.4]","[1,12,2]",0,1,0,,1,1,7.6,e,2,2,0,x,0,3,0,0,0,0,Efficient but slow,,,,,,,,
ADO,2023inmish,qm,17,b3,6721,[62],[],0,0,0,x,[],[],0,1,0,,0,0,0,x,2,1,0,a,0,3,1,1,1,0,Very shaky when driving,,,,,,,,
RMK,2023inmish,qm,18,r1,3487,[47],[5],1,1,0,a,"[26.9,21.4,30.1,38.2]","[24,6,4,9]",0,0,0,,1,,10.8,e,2,1,1,g,0,3,0,1,0,0,Top heavy,,,,,,,,
LRS,2023inmish,qm,18,b3,6956,[62],[],0,0,0,x,[],"[19,21]",0,0,0,,0,1,8.5,e,2,1,0,a,0,3,0,0,1,0,Too focused on cones and unreliable,,,,,,,,
EAR,2023inmish,qm,18,r3,45,[71],[8],1,0,0,x,"[20.6,26.1]","[2,11]",0,1,0,,0,0,21.5,e,2,1,0,x,0,5,0,0,0,0,Average,,,,,,,,
ADO,2023inmish,qm,18,b3,6956,[62],[],1,0,1,x,[],"[3,25,20,19,21]",0,0,0,,0,1,70.6,e,2,1,0,x,1,4,0,0,1,1,Continually drops cones when placing,,,,,,,,
MDMP,2023inmish,qm,18,b2,9071,[25],[],0,1,0,x,[],"[17,5,34]",0,1,0,,0,2,0,p,2,2,1,x,0,2,0,1,0,0,,,,,,,,,
EAR,2023inmish,qm,19,r3,1018,[35],[29],0,1,0,x,"[9.6,38.2]","[28,11]",0,1,0,,0,0,12.3,e,2,1,0,x,0,4,0,1,0,0,Unreliable,,,,,,,,
LJP,2023inmish,qm,19,b3,4982,[62],[],0,0,0,x,[],"[28,31,29]",0,0,0,,0,3,0,x,2,1,0,b,0,2,0,0,0,0,Only bottom,,,,,,,,
RMK,2023inmish,qm,19,r1,5484,[59],[25],1,1,1,a,"[33.9,38.8]","[27,21]",0,0,0,,0,1,15,e,2,0,0,x,1,2,0,0,1,0,Kept missing come pegs,,,,,,,,
ADO,2023inmish,qm,19,b3,4982,[62],[],0,0,0,x,[],"[14,11]",0,1,0,,0,3,0,x,2,1,3,x,1,4,0,0,1,0,Had a hard time manipulating pieces,,,,,,,,
Mdm,2023inmish,qm,19,b2,328,[37],[],0,0,1,e,[],"[33,34,11]",0,0,0,,0,2,0,e,2,1,3,x,1,3,0,0,0,0,,,,,,,,,
RMK,2023inmish,qm,20,r1,71,[47],[14],0,1,1,e,"[13.6,39.1,48.7]","[35,34,36]",1,0,0,,0,2,0,e,1,1,2,x,0,2,0,1,1,0,,,,,,,,,
LJP,2023inmish,qm,20,b3,461,[62],[],0,0,0,x,[],"[1,3,11,14]",0,1,1,4926,1,3,2.2,x,0,2,0,e,0,5,0,0,0,1,Outstanding performance,,,,,,,,
Dm,2023inmish,qm,20,r3,4926,[57],[],1,0,1,x,[],"[5,33,29,28]",0,0,0,,1,2,0,x,0,0,2,x,0,3,0,0,0,0,,,,,,,,,
KSG,2023inmish,qm,20,b3,461,[63],[2],1,0,1,x,[],"[1,11,3,14,5,9]",0,0,0,,1,3,0,e,2,2,3,x,0,4,0,0,0,1,,,,,,,,,
Mdm,2023inmish,qm,20,b2,910,[37],[6],0,1,1,x,[],[4],0,1,0,,0,0,0,e,2,1,0,x,0,3,0,0,0,0,,,,,,,,,
LRS,2023inmish,qm,21,b3,9119,[38],[],0,0,0,x,[],[],0,0,0,,0,,0,x,0,,0,x,0,3,1,0,0,0,,,,,,,,,
CRUm,2023inmish,qm,21,b2,135,[62],[11],1,0,1,x,"[10.4,20.0]","[2,35,34]",0,0,0,,1,2,0,a,2,1,0,x,0,4,0,0,0,0,,,,,,,,,
Dm,2023inmish,qm,21,r3,8103,[70],[],0,0,0,x,[],[20],0,0,0,,0,0,0,a,1,0,0,b,0,1,0,0,0,0,"Didn't do much, pushed cones to hybrid zone",,,,,,,,
LJA,2023inmish,qm,21,r1,8103,[70],[],0,0,0,x,[29.7],[20],0,0,0,,0,1,0,p,0,0,0,x,0,2,0,0,0,0,Could not pick up many cones. Resorted to pushing ,,,,,,,,
KSG,2023inmish,qm,21,b3,9119,[38],[],0,0,0,x,[],[],0,0,0,,0,,0,x,1,-1,0,x,0,1,1,0,0,0,,,,,,,,,
ETH,2023inmish,qm,22,r2,3147,[59],[],1,1,1,a,"[53.9,41.6,1.6,1.5,3.4]","[6,5]",0,1,0,,0,1,0,e,2,0,0,x,0,3,0,0,0,0,,,,,,,,,
CrU,2023inmish,qm,22,b2,2197,[38],[23],0,1,0,d,[],[],2,0,0,,0,0,0,e,2,2,0,x,1,5,0,0,0,0,,,,,,,,,
KSG,2023inmish,qm,22,b3,862,[63],[28],0,0,0,x,[],"[1,20,22,3,23]",0,0,0,,0,,0,e,2,1,2,x,0,3,0,0,1,1,,,,,,,,,
LJP,2023inmish,qm,22,b3,862,[64],[],0,0,0,x,[12.6],"[1,21,22,23]",0,0,0,,0,,5.6,e,2,1,0,g,0,3,0,0,0,0,Too slow at picking up game peices,,,,,,,,
LJA,2023inmish,qm,22,r1,1747,[71],[],0,0,0,x,[],[8],0,0,0,,0,3,0,p,2,0,0,x,0,2,1,0,0,0,Slow to pick up\put down  died picking up,,,,,,,,
Dm,2023inmish,qm,22,r3,1747,[71],[],0,0,0,x,[],[8],0,0,0,,0,0,0,x,2,0,1,x,0,1,1,0,0,0,,,,,,,,,
ZD,2022carv,qm,23,b1,1018,[50],[14],0,1,1,e,"[15.8,11.4]","[8,2,17,18]",0,1,0,,0,x,4,p,2,v,0,a,1,4,0,1,0,1,Could do good it we went cone and they went ,,,,,,,,
LJP,2023inmish,qm,23,b3,45,[62],[2],1,0,1,e,"[8.4,0.8]","[1,2,28]",0,0,0,,1,3,0,e,2,1,0,x,0,3,0,0,0,0,Alliance member 2867 flipped,,,,,,,,
LJA,2023inmish,qm,23,r1,5484,[70],[27],1,0,0,x,[],"[18,25,35]",0,1,0,,0,0,0,d,2,1,0,x,1,3,0,0,0,0,,,,,,,,,
ETH,2023inmish,qm,23,r2,868,[59],[5],1,1,1,e,"[38.7,4.8]",[29],0,0,0,,0,2,11.2,a,0,1,0,a,0,3,0,0,0,0,"Very good at docking, was messed up by another",,,,,,,,
Dm,2023inmish,qm,23,r3,3176,[35],[1],1,0,1,x,"[17.4,20.6]","[3,4,22,2,6]",6,1,0,,1,0,0,x,0,2,2,x,1,5,0,0,0,1,,,,,,,,,
CrU,2023inmish,qm,23,b2,2867,[26],[27],0,0,1,x,"[15.3,17.7,19.0]","[26,25,32]",0,0,0,,1,3,0,a,2,1,0,x,0,3,0,0,0,1,Tipped over at end,,,,,,,,
CrU,2023inmish,qm,24,b2,3865,[26],[],0,0,1,x,[26.3],"[26,25]",0,0,0,,0,1,6.7,e,2,0,0,x,0,2,0,0,0,0,,,,,,,,,
LJP,2023inmish,qm,24,b3,71,[38],[],1,0,1,e,[],"[30,11,14]",0,0,0,,0,2,0,e,2,1,0,x,0,3,0,0,0,0,Can't reach top tank or cones,,,,,,,,
LJA,2022carv,qm,24,r1,6956,[71],[],1,0,0,x,[14.9],"[26,36,25,24,23,22]",0,0,0,,1,b,0,e,2,v,2,g,0,4,0,0,0,1,,,,,,,,,
Scb,2023inmish,qm,24,r3,5402,[35],[],1,0,1,x,[],"[0,1,4,2]",0,1,0,,1,1,0,x,2,1,1,x,1,3,0,0,0,0,,,,,,,,,
ZD,2022carv,qm,24,b1,4982,[62],[],0,0,0,x,[],[],0,0,0,,0,x,0,x,2,x,0,x,0,3,1,0,0,0,Died for most of the match couldn't really record ,,,,,,,,
ETH,2023inmish,qm,24,r2,6956,[71],[],1,0,0,x,"[13.5,0.6,0.9]","[36,26,25,24,23,22]",0,0,0,,1,3,0,e,2,1,4,x,0,4,0,0,0,0,Very quick getting things In the b,,,,,,,,
LJP,2023inmish,qm,24,b3,71,[38],[],1,0,1,e,[],"[30,11,14]",0,0,0,,0,2,0,e,2,1,0,x,0,3,0,0,0,0,Can't reach top tank or cones,,,,,,,,
AMK,2022carv,qm,25,b1,3147,[26],[9],1,1,1,x,"[13.0,25.2,2.1,29.1]","[8,14,23]",0,1,0,,0,b,6.7,e,1,a,0,x,0,3,0,0,0,0,No comment,,,,,,,,
WS,2022carv,qm,25,r1,2909,[71],[],1,1,1,x,[],[],0,0,0,,0,x,0,a,1,n,0,a,0,2,0,0,0,0,,,,,,,,,
ETH,2023inmish,qm,25,r2,1024,[59],[32],0,0,1,e,[],"[6,9,5,7]",0,0,0,,1,3,0,a,0,2,2,g,0,5,0,0,0,0,,,,,,,,,
JAM,2023inmish,qm,25,b3,2197,[38],[],0,0,0,e,[],"[23,20,22,19]",0,0,0,,1,1,0,a,1,2,0,x,1,5,0,0,0,1,Handles lower level well but not the higher ones,,,,,,,,
JAM,2023inmish,qm,25,b3,2197,[38],[],0,0,0,e,[],"[23,20,22,19]",0,0,0,,1,1,0,a,1,2,0,x,1,5,0,0,0,1,Handles lower level well but not the higher ones,,,,,,,,
Scb,2023inmish,qm,25,r3,9071,[35],[],1,0,1,x,[],[11],0,1,0,,0,0,0,x,0,1,0,x,0,3,0,1,0,0,,,,,,,,,
JP,2023inmish,qm,25,b2,9119,[62],[],0,0,0,x,[],[],0,0,1,2197,0,0,0,x,1,1,0,g,1,3,0,1,0,1,Good defense,,,,,,,,
JAM,2023inmish,qm,26,b3,7477,[62],[],0,0,0,x,[],[21],0,0,0,,0,,0,x,0,-1,0,x,0,3,1,0,0,0,,,,,,,,,
JAM,2023inmish,qm,27,b3,6721,[62],[29],0,0,1,x,[],[],0,0,0,,0,0,0,x,1,2,0,e,0,3,0,0,0,1,,,,,,,,,
JAM,2023inmish,qm,27,b3,6721,[62],[29],0,0,1,x,[],[],0,0,0,,0,0,0,x,1,2,0,e,0,3,0,0,0,1,,,,,,,,,
JP,2023inmish,qm,28,b2,1024,[50],[],1,1,1,e,"[4.8,9.7,6.6,12.6,15.2,0.3]","[4,12,6,5]",0,0,0,,0,3,5.4,a,2,2,1,g,1,4,0,0,0,1,"Good performance, little erro",,,,,,,,
JAM,2023inmish,qm,28,b3,4982,[62],[],1,1,1,x,"[42.4,38.1]","[11,12,4]",0,0,0,,0,,0,e,2,1,0,x,1,3,0,0,0,0,,,,,,,,,
JAM,2023inmish,qm,28,b3,4982,[62],[],1,1,1,x,"[42.4,38.1]","[11,12,4]",0,0,0,,0,,0,e,2,1,0,x,1,3,0,0,0,0,,,,,,,,,
JAM,2023inmish,qm,29,b3,8103,[50],[],0,0,0,x,[],[24],0,0,0,,0,2,0,e,2,0,0,x,0,3,0,1,1,0,,,,,,,,,
Scb,2023inmish,qm,29,r3,6956,[71],[],1,0,1,x,[13.4],"[19,20,21,27]",0,0,0,,1,1,0,a,2,1,1,x,0,3,0,0,0,0,,,,,,,,,
Mdm,2023inmish,qm,29,b2,5401,[49],[],1,0,1,x,[],[7],0,1,0,,0,3,0,p,2,0,1,x,0,3,0,0,0,0,,,,,,,,,
Scb,2023inmish,qm,29,r3,6956,[71],[],1,0,1,x,[13.4],"[19,20,21,27]",0,0,0,,1,1,0,a,2,1,1,x,0,3,0,0,0,0,,,,,,,,,
JAM,2022carv,qm,29,r2,5484,[34],[10],0,0,1,x,[],"[20,14,12]",0,0,0,,1,x,0,e,2,x,0,x,0,3,0,0,0,0,,,,,,,,,
JAM,2022carv,qm,30,r2,2867,[71],[27],0,0,0,x,[],[],0,0,0,,0,x,0,a,0,n,0,x,0,3,0,1,0,0,Fell over and failed to place 3 cones,,,,,,,,
Scb,2023inmish,qm,30,r3,135,[35],[2],1,0,1,x,"[8.9,42.3,28.5,7.9]","[5,2,31]",0,0,0,,0,3,0,x,0,2,0,x,1,5,0,0,1,1,,,,,,,,,
Mdmdm,2023inmish,qm,30,b2,3487,[37],[5],0,1,1,e,[],"[6,4]",0,1,0,,0,1,0,e,2,2,1,x,1,3,0,0,0,1,,,,,,,,,
Scb,2023inmish,qm,30,r3,135,[35],[2],1,0,1,x,"[8.9,42.3,28.5,7.9]","[5,2,31]",0,0,0,,0,3,0,x,0,2,0,x,1,5,0,0,1,1,,,,,,,,,
JAM,2023inmish,qm,30,b3,3936,[38],[5],1,1,1,x,[],"[6,7]",0,0,0,,0,,0,p,2,1,1,x,0,3,0,0,0,0,,,,,,,,,
JAM,2023inmish,qm,30,b3,3936,[38],[5],1,1,1,x,[],"[6,7]",0,0,0,,0,,0,p,2,1,1,x,0,3,0,0,0,0,,,,,,,,,
JAM,2023inmish,qm,31,b3,2909,[50],[7],0,0,0,x,[],"[28,21,29]",0,0,0,,0,,0,p,2,2,0,x,0,3,0,1,0,0,,,,,,,,,
JAM,2023inmish,qm,31,b3,2909,[50],[7],0,0,0,x,[],"[28,21,29]",0,0,0,,0,,0,p,2,2,0,x,0,3,0,1,0,0,,,,,,,,,
Mdmdm,2023inmish,qm,31,b2,2197,[49],[23],0,1,0,e,[],"[29,22,25]",0,1,0,,0,0,0,e,2,1,4,x,1,3,0,0,0,0,,,,,,,,,
RMK,2023inmish,qm,31,r1,7477,[71],[],0,0,0,x,[103.3],[],0,0,1,2917,0,0,21.5,p,2,0,0,b,0,1,1,0,1,0,Very poor driving and handling,,,,,,,,
JAM,2022carv,qm,31,r2,862,[47],[32],0,0,0,e,[],"[20,42,33,27,26,21,23]",0,0,0,,0,o,0,e,2,v,2,x,0,5,0,0,0,1,Only hits bottom row,,,,,,,,
Scb,2023inmish,qm,31,r3,9208,[35],[2],1,0,1,x,"[14.8,5.1,34.7]","[1,3,4]",0,1,0,,1,0,8.5,e,2,1,1,x,0,3,0,0,0,1,The second cycle time should be around 30 ,,,,,,,,
EAR,2023inmish,qm,32,r3,6721,[35],[],0,0,0,x,[],[],2,0,1,868,0,1,0,x,2,1,0,a,0,3,0,0,0,0,Average,,,,,,,,
Mdm,2023inmish,qm,32,b2,4926,[63],[],1,0,1,x,[],"[2,8]",0,0,0,,0,2,0,p,2,1,0,x,0,3,0,0,0,0,,,,,,,,,
RMK,2023inmish,qm,32,r1,45,[71],[35],1,0,1,x,"[16.2,21.1,35.0]","[9,34,7]",0,0,0,,1,3,0,e,2,1,1,x,0,4,0,0,0,0,,,,,,,,,
JAM,2022carv,qm,32,r2,328,[59],[],0,0,1,d,[],"[32,35,33,27]",0,0,0,,0,b,0,e,2,v,0,x,0,5,0,0,0,1,Only hits bottom row,,,,,,,,
JAM,2023inmish,qm,32,b3,868,[62],[],1,1,1,e,[],[1],0,0,0,,0,0,0,p,0,2,0,x,0,4,0,0,0,0,,,,,,,,,
CJN,2023inmish,qm,33,r2,1018,[69],[],0,0,0,x,[],"[5,2,8]",0,1,0,,1,,13,e,3,2,2,x,1,4,0,1,0,1,,,,,,,,,
EAR,2023inmish,qm,33,r3,1501,[34],[1],0,1,1,x,"[25.7,58.2,25.7]","[3,4,7]",0,1,0,,1,,14,e,3,2,0,e,0,5,0,0,0,1,,,,,,,,,
CrU,2023inmish,qm,33,b2,,[38],[5],0,1,1,a,"[16.8,18.6]","[6,26,7,9]",0,0,0,,0,3,0,e,2,1,2,x,0,4,0,0,0,1,,,,,,,,,
RMK,2023inmish,qm,33,r1,910,[47],[6],0,0,1,x,"[56.9,45.1]","[8,9]",0,0,0,,1,3,9.6,e,3,1,1,x,0,2,0,0,1,0,Dropped cone on cube shelf,,,,,,,,
ETH,2023inmish,qm,33,b3,461,[62],[2],1,0,1,x,[],"[1,3,11,10]",0,0,0,,1,3,0,e,2,2,0,x,1,5,0,0,0,1,,,,,,,,,
EAR,2023inmish,qm,34,r3,7477,[71],[],0,0,0,x,[],[],0,0,0,,0,0,0,x,1,0,0,b,0,1,0,0,0,0,,,,,,,,,
CrU,2023inmish,qm,34,b2,6956,[26],[36],0,0,1,x,[15.4],"[26,25,24]",0,0,1,7477,0,1,0,p,1,2,1,x,0,4,0,0,0,0,,,,,,,,,
CJN,2023inmish,qm,34,r2,5484,[35],[10],0,0,0,x,"[3.8,16.8]","[12,11]",0,1,0,,1,0,15.7,e,0,1,1,x,0,3,0,0,0,1,,,,,,,,,
LJA,2023inmish,qm,34,r1,7477,[71],[],0,0,0,x,[],[],0,0,0,,0,1,0,x,2,2,0,e,0,3,0,0,0,1,Good defender,,,,,,,,
LRS,2023inmish,qm,34,b3,9208,[35],[2],1,1,1,x,[],"[4,39,7]",0,0,0,,1,0,0,a,1,1,0,x,0,3,1,1,0,0,,,,,,,,,
CrU,2023inmish,qm,35,b2,1747,[26],[],0,0,0,x,[20.5],"[26,24]",0,0,0,,0,0,0,e,3,2,1,x,1,5,0,0,0,1,Arm broke 15sec in,,,,,,,,
CJN,2023inmish,qm,35,r2,5402,[35],[],0,0,0,x,"[4.1,23.1]","[3,4]",0,1,0,,0,1,30.7,x,1,1,0,g,0,4,1,0,1,0,,,,,,,,,
EAR,2023inmish,qm,35,r3,9119,[71],[],0,0,0,x,[],[],0,0,0,,0,0,0,a,1,0,0,b,0,1,0,1,0,0,Nah,,,,,,,,
AMK,2022carv,qm,35,b1,6721,[62],[2],0,0,1,x,[],[],0,0,0,,0,x,3.8,a,3,a,0,e,0,4,0,0,0,1,Good partner if you want a good defence,,,,,,,,
LRS,2023inmish,qm,35,b3,71,[38],[],1,1,1,d,[],[],0,0,0,,0,,0,e,3,1,0,x,0,2,0,0,0,0,,,,,,,,,
LJA,2023inmish,qm,35,r1,9119,[71],[],0,0,0,x,[],[8],0,0,0,,0,0,0,x,0,0,0,x,0,2,1,1,0,0,Not recommend ,,,,,,,,
CJN,2023inmish,qm,36,r2,461,[71],[],0,0,0,x,"[10.9,70.9]",[7],0,1,0,,0,,28.8,e,1,0,0,x,1,4,0,0,1,0,,,,,,,,,
LJA,2023inmish,qm,36,r1,461,[71],[],0,0,0,x,[],"[7,4,9]",0,1,0,,1,1,0,e,2,1,1,a,1,3,0,0,0,0,,,,,,,,,
EAR,2023inmish,qm,36,r3,4982,[35],[],0,0,0,x,"[12.9,11.2,28.7]","[17,8,32]",0,1,0,,0,0,9.9,e,2,1,0,x,0,3,0,0,0,0,Meh,,,,,,,,
JP,2023inmish,qm,36,b2,45,[38],[5],0,0,1,x,[],"[3,4]",0,0,0,,0,3,8.9,e,2,2,0,g,0,4,0,0,0,1,Didn't get all data,,,,,,,,
LRS,2023inmish,qm,36,b3,3176,[26],[1],1,1,1,e,"[0.3,37.9,7.5,5.1,19.1]","[0,1,3,4,7]",0,0,0,,0,,0,p,2,2,2,e,0,5,0,0,0,1,,,,,,,,,
JP,2023inmish,qm,36,b2,45,[38],[5],0,0,1,x,[],"[3,4]",0,0,0,,0,3,8.9,e,2,2,0,g,0,4,0,0,0,1,Didn't get all data,,,,,,,,
CWS,2022carv,qm,37,b2,3936,[27],[8],0,0,0,x,"[17.7,20.1,42.1,3.7]","[6,7,15]",0,0,0,,1,x,0,x,0,a,0,x,0,3,0,1,0,0,Only cones,,,,,,,,
CJN,2023inmish,qm,37,r2,8103,[35],[],0,0,0,x,[29.6],[14],0,0,0,,0,3,33.2,e,0,1,0,x,0,3,0,0,1,0,,,,,,,,,
EAR,2023inmish,qm,37,r3,910,[47],[3],0,1,1,e,"[30.2,56.6]","[1,2,5]",0,1,0,,1,0,0,x,2,2,0,x,0,4,0,0,0,1,,,,,,,,,
JAM,2023inmish,qm,37,b2,2909,[38],[],0,0,1,a,[],"[34,30,6]",0,0,0,,0,3,0,x,1,-1,0,x,0,3,0,0,0,0,,,,,,,,,
WDS,2023inmish,qm,37,r1,1555,[71],[],0,0,0,x,[],[18],0,0,0,,0,,3.1,e,2,2,0,x,0,4,0,0,0,0,This data is inaccurate because I spaced out,,,,,,,,
CWS,2022carv,qm,38,b1,9071,[26],[],0,0,1,x,[],[],0,0,0,,0,x,0,e,2,a,0,x,0,3,0,1,0,0,Paused for ~30 seconds after auton,,,,,,,,
CJN,2023inmish,qm,38,r2,3865,[35],[],0,0,0,x,[47.3],[20],0,0,0,,0,1,45.5,e,3,0,0,x,0,1,1,0,1,0,,,,,,,,,
LRS,2023inmish,qm,38,b3,3147,[38],[],1,1,1,a,[65.9],[19],0,0,0,,1,3,11,d,2,1,0,x,0,4,0,0,0,0,Shaky claw,,,,,,,,
EAR,2023inmish,qm,38,r3,2197,[47],[],0,1,0,d,"[8.9,48.8]",[23],2,1,1,328,0,1,11.1,e,3,2,0,x,0,5,0,0,0,1,Knowledgeable,,,,,,,,
WDS,2023inmish,qm,38,r1,3940,[71],[8],1,1,1,x,"[5.8,8.1,11.1,16.0,5.4,14.4]","[17,9,7,4,6]",0,1,0,,0,,7.6,e,3,2,1,x,0,5,0,0,0,1,,,,,,,,,
CJN,2023inmish,qm,39,r2,4926,[69],[],0,0,0,x,[9.3],[8],0,0,0,,0,,21.2,a,2,1,0,g,1,3,0,0,0,0,,,,,,,,,
EAR,2023inmish,qm,39,r3,3487,[59],[],0,1,0,e,"[20.7,60.7,26.3]","[4,23,6]",0,1,0,,0,1,7,e,2,1,0,x,0,3,0,0,0,0,Average,,,,,,,,
ZD,2022carv,qm,39,b1,1501,[38],[],0,0,0,x,[12.2],"[7,5]",0,1,0,,1,x,12.5,p,2,a,1,a,1,3,0,0,0,0,Couldn't get autons in time,,,,,,,,
EAR,2023inmish,qm,40,r3,135,[35],[11],1,1,1,x,"[11.3,54.9,22.6,13.6]","[1,3,29,31]",0,1,0,,1,3,2.4,e,2,2,0,x,0,4,0,0,0,1,Awesome,,,,,,,,
CJN,2023inmish,qm,40,r2,3936,[59],[8],0,1,0,x,"[34.7,0.9,43.4,38.5]","[6,4,7]",0,1,0,,1,0,8.7,p,2,1,1,a,1,4,0,0,1,1,,,,,,,,,
JIH,2023inmish,qm,40,r1,868,[71],[8],1,0,1,x,"[23.5,35.7,1.1]","[2,17]",0,0,0,,1,2,4.7,d,2,1,2,a,0,4,0,0,0,1,Solid intake,,,,,,,,
Mdm,2023inmish,qm,40,b2,1747,[61],[],0,0,0,x,[],[2],0,0,0,,0,0,0,e,2,-1,0,x,0,3,1,0,0,0,,,,,,,,,
ZD,2022carv,qm,41,b1,7477,[26],[],0,0,0,x,[],[],0,0,0,,0,x,0,x,2,a,0,e,1,2,0,1,0,0,Looks like they were having problems,,,,,,,,
Mdm,2023inmish,qm,41,b2,71,[62],[],1,0,1,x,[],"[11,14,2]",0,1,0,,0,2,0,e,2,1,0,a,0,2,0,0,0,0,,,,,,,,,
JIH,2023inmish,qm,41,r1,2909,[59],[],0,0,1,x,[18.1],[36],0,0,0,,0,2,24.5,d,2,1,2,g,0,3,0,0,0,0,Solid defense,,,,,,,,
JAM,2023inmish,qm,41,r2,1555,[34],[],0,0,1,a,[],"[19,21,22,25]",0,0,0,,1,1,0,e,2,1,0,x,0,5,0,0,0,1,Agressive,,,,,,,,
EAR,2023inmish,qm,41,r3,862,[59],[32],0,1,1,e,"[22.6,5.4,15.2,25.3,30.6,7.3]","[19,21,22,20,24,25]",0,1,0,,1,1,17.4,e,2,2,0,e,0,5,0,0,0,1,Knowledgeable a,,,,,,,,
JAM,2023inmish,qm,42,r2,461,[47],"[5,9,8]",1,1,1,x,[],"[9,17,7]",0,0,0,,0,0,0,e,3,2,0,x,1,4,0,1,0,0,Takes cones and cubes,,,,,,,,
ZD,2022carv,qm,42,b1,2867,[26],[27],1,1,1,x,"[21.4,16.0,19.6]","[6,4,25]",0,1,0,,0,b,0,a,2,a,0,x,0,3,1,0,0,0,Fell at the end,,,,,,,,
Mdm,2023inmish,qm,42,b2,5484,[37],[15],0,1,0,d,[],"[12,14]",0,1,0,,0,0,0,e,2,1,1,x,1,3,0,0,0,0,,,,,,,,,
JIH,2023inmish,qm,42,r1,5402,[35],[],1,0,1,x,[32.1],"[6,9,14]",0,0,0,,1,3,24.9,d,3,1,2,x,1,3,0,0,0,0,Couldn't see whether or not they had swerve but I ,,,,,,,,
RMK,2023inmish,qm,43,r1,3176,[35],[1],1,0,1,x,"[17.5,33.5]","[9,3]",2,0,0,,1,0,0,x,2,2,2,x,1,5,1,0,0,1,Operation stopped on last cycle,,,,,,,,
ZD,2022carv,qm,43,b1,9119,[38],[],0,0,0,x,[],[],0,0,0,,0,x,0,x,0,x,0,e,0,4,0,0,0,0,,,,,,,,,
Mdm,2023inmish,qm,43,b2,1018,[25],[],1,0,1,x,[],"[17,31,14,18,16]",0,1,0,,0,0,0,x,0,2,1,a,1,5,0,0,0,1,,,,,,,,,
ZD,2022carv,qm,44,b1,45,[26],[8],0,0,0,x,[],"[9,4]",0,1,0,,1,b,0,e,2,a,1,x,0,4,0,0,0,1,I forgot time stuffs,,,,,,,,
RMK,2023inmish,qm,44,r1,4982,[71],[],0,0,0,x,"[7.1,64.9]","[17,35]",0,0,0,,1,2,10.1,a,2,0,0,x,0,1,1,0,1,0,Claw broke in half around 1:20,,,,,,,,
JAM,2023inmish,qm,44,b3,1501,[38],[4],0,1,1,d,[],"[3,5,1]",0,0,0,,1,0,0,e,2,2,2,x,0,5,0,0,0,1,Top row cones and cubes,,,,,,,,
JDP,2023inmish,qm,44,b2,4926,[62],[],0,0,1,x,"[10.7,6.7,1.7,8.3]","[34,19,23]",0,0,0,,0,3,0,e,2,2,0,x,1,4,0,0,0,1,,,,,,,,,
RMK,2023inmish,qm,45,r1,1747,[71],[],0,0,0,x,[],[],0,0,0,,0,0,0,x,1,-1,0,x,0,1,1,0,0,0,Bot did not move whole round,,,,,,,,
AMK,2022carv,qm,45,b1,461,[26],[8],1,1,1,x,"[19.8,20.2,9.0]","[4,3,6]",0,1,0,,0,x,0,x,2,v,1,x,1,3,0,0,0,1,Did efficient,,,,,,,,
JP,2023inmish,qm,46,b2,,[50],[],0,0,0,x,"[13.1,18.3,12.5]","[7,1,15]",0,1,0,,0,1,3.5,e,2,2,0,x,1,5,0,0,0,1,"Very good bot, best bot to ally with",,,,,,,,
LJA,2023inmish,qm,46,r1,6721,[71],"[37,36]",0,0,0,x,[],[],0,0,0,,0,0,0,d,2,2,0,g,0,5,0,0,0,1,,,,,,,,,
AMK,2022carv,qm,46,b1,1024,[38],[14],1,1,1,e,"[7.3,9.1,26.3,5.0]","[29,3,2,30]",0,0,1,6271,1,b,5.8,e,2,v,0,x,0,3,0,0,0,1,One of the best bots.,,,,,,,,
ETH,2023inmish,qm,46,r2,7477,[47],[],0,0,0,x,[],[],0,0,0,,0,1,0,e,0,0,0,x,0,2,0,0,0,0,Gear is skipping,,,,,,,,
CRU,2023inmish,qm,47,b2,3147,[62],[1],1,0,1,x,[19.8],[14],0,0,0,,0,0,0,x,2,1,0,x,0,4,1,0,0,0,Made it half way through and died,,,,,,,,
LJA,2023inmish,qm,47,r1,9119,[71],[],0,0,0,x,[],[],0,0,0,,0,0,0,x,1,0,0,b,0,1,0,0,0,0,Did nothing,,,,,,,,
CWS,2022carv,qm,47,b1,9071,[62],[],0,0,0,x,[],[],0,0,0,,0,x,0,e,2,n,0,x,0,2,0,0,0,0,They didn't score :(,,,,,,,,
LJA,2023inmish,qm,47,r1,9119,[71],[],0,0,0,x,[],[],0,0,0,,0,0,0,x,1,0,0,b,0,1,0,0,0,0,Did nothing,,,,,,,,
ETH,2023inmish,qm,47,r2,9119,[70],[],0,0,0,x,[],[],0,0,0,,0,,0,x,0,0,0,x,0,1,0,0,0,0,,,,,,,,,
CRU,2023inmish,qm,48,b2,1555,[26],[],0,0,0,x,[31.7],[24],0,0,0,,0,0,0,x,2,1,0,x,0,4,1,0,0,0,Died half way through,,,,,,,,
LJA,2023inmish,qm,48,r1,6956,[71],[],0,0,1,x,[20.4],"[26,25,23,22,30]",0,0,0,,1,3,0,e,2,2,1,x,0,4,0,0,0,1,,,,,,,,,
JP,2023inmish,qm,48,b2,9208,[26],[],1,0,1,x,"[11.1,12.0,14.2]","[6,4,3]",0,1,0,,0,0,6.9,e,2,2,0,a,0,4,0,0,0,1,Average performance,,,,,,,,
LJA,2023inmish,qm,48,r1,6956,[71],[],0,0,1,x,[20.4],"[26,25,23,22,30]",0,0,0,,1,3,0,e,2,2,1,x,0,4,0,0,0,1,,,,,,,,,
ETH,2023inmish,qm,48,r2,6956,[70],[],0,0,0,x,[],"[26,36,25,23]",0,0,0,,0,3,0,e,2,1,0,x,0,4,0,0,0,1,,,,,,,,,
ETH,2023inmish,qm,48,r2,6956,[70],[],0,0,0,x,[],"[26,36,25,23]",0,0,0,,0,3,0,e,2,1,0,x,0,4,0,0,0,1,,,,,,,,,
JP,2023inmish,qm,49,b2,862,[50],[],0,0,1,e,"[5.7,4.9,3.1,4.7,6.5,14.5]","[24,23,22]",0,1,0,,1,0,0,e,2,2,3,x,0,5,0,0,0,1,,,,,,,,,
WDS,2023inmish,qm,49,r1,3940,[47],[5],1,0,1,e,"[7.5,29.2,15.8,24.7]","[4,6,7,9,3]",0,0,0,,1,,7.9,e,2,2,2,x,0,5,0,0,0,1,,,,,,,,,
ETH,2023inmish,qm,49,r2,4982,[71],[],0,0,0,x,[],"[17,4,35]",0,0,0,,1,3,0,e,2,1,1,x,0,3,0,0,0,0,,,,,,,,,
JP,2023inmish,qm,50,b2,135,[26],[8],0,0,1,x,"[5.6,7.2,6.2,16.7,1.2]","[8,5,14,11]",0,0,0,,0,2,0,e,1,2,0,a,1,3,0,0,0,1,Scored well,,,,,,,,
ETH,2023inmish,qm,50,r2,2909,[71],[],1,0,0,x,[],"[36,34]",0,0,0,,1,2,0,a,0,0,1,x,0,2,0,0,0,0,,,,,,,,,
Mdm,2023inmish,qm,51,b2,9119,[37],[],0,0,1,x,[],[],0,0,0,,0,0,0,x,2,-1,0,x,0,2,1,0,0,0,Their auton didn't work correctly,,,,,,,,
LJP,2023inmish,qm,51,b3,7477,[26],[],0,0,0,x,[],"[25,35]",0,0,0,,0,3,0,x,2,0,0,b,0,1,0,0,1,0,Failed to use arm at all during match,,,,,,,,
SCB,2023inmish,qm,51,r3,45,[71],[35],1,0,1,x,[],"[26,3,1,22]",0,1,0,,1,1,0,x,0,1,1,x,1,3,0,0,0,1,,,,,,,,,
JAM,2023inmish,qm,51,r2,3147,[47],[4],1,1,1,d,[],"[5,2,28]",0,0,0,,1,0,0,x,1,1,0,x,1,4,0,0,0,0,"Arm gets caught, not that good at grabbing from fl",,,,,,,,
WDS,2023inmish,qm,51,r1,3865,[35],[],1,0,1,x,[],"[30,36,32]",0,0,0,,0,2,0,a,0,0,0,x,0,2,0,0,0,0,,,,,,,,,
Mdm,2023inmish,qm,52,b2,3176,[25],[9],0,1,1,e,[],"[7,33,8,6,5]",0,1,0,,1,0,0,d,3,2,4,g,1,4,0,0,0,0,,,,,,,,,
LJP,2023inmish,qm,52,b3,9208,[62],[2],0,0,0,x,[],"[0,1,3,5]",0,0,0,,0,,0,d,0,2,0,g,0,4,0,0,0,1,Another everybot but very skilled drive team with ,,,,,,,,
SCB,2023inmish,qm,52,r3,868,[47],[5],0,1,1,e,[],"[9,1,3,4]",0,0,0,,1,1,0,e,3,2,2,x,0,3,0,0,0,1,Awesome auton!! ,,,,,,,,
JAM,2023inmish,qm,52,r2,71,[35],[],1,0,1,x,[],"[2,11,14,17,21]",0,0,0,,1,2,0,e,3,,0,x,0,5,0,1,0,1,180 degree vertical arm ripped but barely saved it,,,,,,,,
WDS,2023inmish,qm,52,r1,328,[71],[8],0,0,0,x,[],[],0,0,0,,0,,0,e,0,1,0,g,0,3,0,0,0,0,,,,,,,,,
Mdm,2023inmish,qm,53,b2,1024,[62],[29],1,0,1,x,[],"[33,17,8,28,34,35]",0,0,0,,0,2,0,e,2,-1,3,x,1,4,0,0,0,0,Fast cycle but can only grab floor cubes,,,,,,,,
LJP,2023inmish,qm,53,b3,3940,[50],[5],0,1,1,e,[],"[6,4,8]",0,1,1,1501,1,3,0,x,2,2,0,e,0,5,0,0,0,1,OMG CYBER TOOTH IS SO GOOD,,,,,,,,
SCB,2023inmish,qm,53,r3,3996,[35],[2],1,0,1,x,[],"[1,3]",0,1,0,,1,,0,d,1,1,0,x,0,3,0,0,0,0,They were engaged but another robot tilted it,,,,,,,,
JAM,2023inmish,qm,53,r2,1501,[47],[4],0,0,1,e,[],"[5,6,9,8]",0,0,0,,1,0,0,d,1,,0,x,0,3,0,0,0,0,Prefers drop load starts with a top row cone then ,,,,,,,,
RMK,2023inmish,qm,53,r1,9071,[71],[],1,0,1,x,[],[],0,0,0,,0,0,0,a,0,0,0,x,1,1,0,1,0,0,Knocked over by alliance partner,,,,,,,,
AMK,2022carv,qm,54,b1,5402,[26],[],1,1,1,x,[],"[4,25,23]",0,1,0,,0,x,0,e,2,v,0,x,0,3,0,0,0,1,Very fast with cones and cubes,,,,,,,,
Mdm,2023inmish,qm,54,b2,910,[37],[6],0,0,1,e,[],"[5,8,3,19,6]",0,1,0,,1,2,0,p,2,1,2,g,1,5,0,1,0,0,Tippy but did not fall,,,,,,,,
JAM,2023inmish,qm,54,r2,3487,[59],[5],1,1,1,x,[],"[6,4,3]",0,0,0,,1,3,0,e,3,2,0,x,0,4,0,0,0,0,Likes cones,,,,,,,,
SCB,2023inmish,qm,54,r3,1018,[71],[8],1,0,1,x,[],"[2,11,10,12]",0,1,0,,0,0,0,e,3,2,2,x,0,3,0,1,0,1,Almost tips every time they stop but they never fa,,,,,,,,
LJP,2023inmish,qm,54,b3,5484,[50],[10],1,0,1,x,[],"[21,19,3]",0,1,0,,1,1,0,e,2,2,0,g,1,5,0,0,0,0,Good bot just not consistent arm operation,,,,,,,,
RMK,2023inmish,qm,54,r1,2197,[36],[10],1,0,1,x,[],[],5,0,0,,0,3,0,e,3,1,0,x,0,5,0,1,0,0,"Wobbly, feeds other bots pieces",,,,,,,,
AMK,2022carv,qm,55,b1,461,[38],[5],1,1,0,a,[],"[6,7,4,20,27]",0,1,0,,0,o,0,a,1,v,1,x,0,4,0,0,0,1,Can quickly put cones,,,,,,,,
Mdm,2023inmish,qm,55,b2,8103,[26],[],0,0,1,x,[],"[36,31]",0,0,0,,0,2,0,d,3,0,2,x,1,3,0,0,0,0,Unfortunate intake,,,,,,,,
LJP,2023inmish,qm,55,b3,2909,[62],[5],0,0,0,x,[],[28],0,0,0,,0,2,0,e,2,1,0,a,0,3,1,1,0,0,Claw broke from normal use,,,,,,,,
JAM,2023inmish,qm,55,r2,862,[47],[32],0,0,1,e,[],"[24,25]",0,0,0,,1,2,0,e,1,0,0,x,1,3,0,0,0,1,Did worse today then yesterday driver is probably ,,,,,,,,
Scb,2023inmish,qm,55,r3,6956,[59],[17],1,0,1,x,[],"[19,20,21,22]",0,0,0,,0,1,0,a,1,1,0,x,0,3,0,0,0,1,Docked but got knocked over. Pushed cones often,,,,,,,,
RMK,2023inmish,qm,55,r1,4926,[35],[11],1,0,1,x,[],"[27,21,26]",0,0,0,,0,2,0,p,0,1,0,x,0,3,0,0,0,0,Did not use their claw and got in the way of team,,,,,,,,
AMK,2022carv,qm,56,b1,9119,[26],[],1,1,1,x,[],[],0,0,0,,0,x,0,x,0,n,0,x,0,3,0,0,0,0,Does not score only does well at defence,,,,,,,,
LRS,2023inmish,qm,56,b3,2867,[62],[1],0,0,1,x,[],"[2,31,19]",0,0,0,,0,3,0,p,2,1,0,x,0,3,0,0,0,0,It's arm was not working,,,,,,,,
SCB,2023inmish,qm,56,r3,3176,[35],[1],0,1,1,e,[],"[3,2,7,4]",0,1,0,,1,0,0,e,2,2,3,x,1,4,0,0,0,1,We slayed,,,,,,,,
JAM,2023inmish,qm,56,r2,3147,[71],[9],1,0,1,x,[],"[8,5,31,6]",0,0,0,,1,3,0,x,2,2,3,x,0,3,0,0,0,1,Can hit top rows with ease,,,,,,,,
RMK,2023inmish,qm,56,r1,7477,[47],[],0,0,0,x,[],[],1,0,0,,0,2,0,e,2,1,0,e,0,2,0,0,0,0,"Didn't use claw, blocked other robots very well",,,,,,,,
ela,2023inmish,qm,57,b1,135,[83],[8],1,0,1,x,[],[27],0,0,0,,1,1,0,x,2,1,0,x,1,3,1,0,0,0,died quickly in the match,,,,,,,,
LRS,2023inmish,qm,57,b3,45,[26],[],1,0,1,x,[],[7],0,0,0,,0,0,0,e,3,1,0,x,0,3,0,0,0,0,,,,,,,,,
JDP,2023inmish,qm,57,b2,2197,[50],[],1,1,1,e,[],"[23,26,25]",0,0,0,,0,1,0,e,3,2,0,a,1,4,0,1,0,1,Tipped dangerously multiple times but was fine,,,,,,,,
AMK,2022carv,qm,57,b1,2197,[38],[],1,1,1,e,[],"[23,25,26]",0,0,0,,0,o,0,e,3,v,0,g,0,5,0,0,0,1,Extremely fast and can easily engage but can only ,,,,,,,,
Scb,2023inmish,qm,57,r3,910,[59],[4],0,1,1,d,[],"[3,1,24]",0,1,0,,1,0,0,e,2,2,2,x,1,5,0,0,0,1,Hybrid cone was one that they accidentally dropped,,,,,,,,
JAM,2023inmish,qm,57,r2,71,[35],[],0,1,1,x,[],"[2,5,30,28,8,29]",0,0,0,,0,2,0,e,2,1,0,b,1,4,0,1,0,1,Didn't fall counterproductive auton,,,,,,,,
AMK,2022carv,qm,58,b1,3487,[38],[],1,1,0,x,[],[7],0,0,0,,0,o,0,e,2,a,0,x,0,3,1,0,0,0,Died but reserected mid game,,,,,,,,
JDP,2023inmish,qm,58,b2,1474,[62],[11],0,0,1,x,"[15.4,13.3]","[36,35]",0,1,0,,0,0,12.6,e,2,2,0,g,1,4,0,0,0,1,"Pushed around easily, but transfers items qu",,,,,,,,
ela,2023inmish,qm,58,r1,8103,[71],[],1,0,0,x,[],"[34,35,27]",0,0,0,,0,2,0,x,0,1,0,x,0,3,0,0,1,0,not consistent with scoring,,,,,,,,
Scb,2023inmish,qm,58,r3,4982,[59],[],0,0,0,x,[],"[32,29,28]",0,1,0,,0,2,0,a,0,1,0,x,0,3,0,0,0,0,"Only went for bottom nodes, not bad but not effici",,,,,,,,
JAM,2023inmish,qm,58,r2,6721,[35],[30],1,0,1,x,[],[],0,0,0,,0,0,0,d,1,2,0,e,0,3,0,0,0,1,Blocked 2905 and stopped it from picking up pieces,,,,,,,,
LRS,2023inmish,qm,58,b3,2909,[26],[],1,0,1,x,[],[35],0,0,1,6721,0,,0,x,2,1,0,x,0,3,1,0,0,0,I think something broke the bot. Arm not work,,,,,,,,
LRS,2023inmish,qm,59,b3,1501,[50],[4],1,1,1,x,[],"[1,3,10]",0,0,0,,1,0,0,e,3,1,1,x,1,3,0,0,0,1,,,,,,,,,
ela,2023inmish,qm,59,r1,9208,[71],[8],1,0,0,x,[],"[7,9,1]",0,1,0,,1,0,0,x,0,1,0,x,0,3,0,0,0,0,slow cycle times,,,,,,,,
JDP,2023inmish,qm,59,b2,862,[38],[],1,0,1,x,[],"[20,24]",0,1,0,,0,2,6.7,e,3,2,0,x,1,3,0,0,0,1,Effective at pushing game pieces,,,,,,,,
EAR,2023inmish,qm,59,r3,3865,[35],[],0,0,1,x,[],[11],0,1,0,,0,2,0,d,2,1,0,x,0,3,0,1,0,0,Didn't tip. Wobbly. Average,,,,,,,,
JAM,2023inmish,qm,59,r2,1024,[47],[32],0,0,0,d,[],"[4,6,5,2,33]",0,0,0,,1,3,0,d,0,2,0,x,0,5,0,0,0,1,Easily hit top row,,,,,,,,
CWS,2022carv,qm,59,b1,3940,[62],[2],0,0,1,x,[],"[6,5,9,7,8]",0,1,0,,1,b,0,e,3,v,2,x,0,5,0,0,0,1,"It's Cybertooth, need I say more?",,,,,,,,
ela,2023inmish,qm,60,r1,461,[71],[8],1,0,0,x,[],"[9,21,4,5,3]",0,1,0,,1,3,0,e,2,2,0,a,0,4,0,0,0,1,can go high or low,,,,,,,,
JIH,2023inmish,qm,60,b3,868,[38],[5],0,0,1,e,[],[],0,1,0,,0,1,0,e,2,1,0,x,1,4,0,0,1,0,Not tall enough to reach high level,,,,,,,,
EAR,2023inmish,qm,60,r3,4926,[47],[8],0,1,1,e,[],[],3,1,0,,1,3,0,e,2,2,0,x,0,4,0,0,0,1,Efficient + knowledgeable. Good at docking,,,,,,,,
JAM,2023inmish,qm,60,r2,9071,[35],[29],1,0,0,x,[],[25],0,0,0,,0,1,0,x,2,0,0,x,1,3,0,0,0,0,Similar design to us but no bottom part for ground,,,,,,,,
JDP,2023inmish,qm,60,b2,1018,[38],[],1,0,1,x,[],"[2,24,14,5,23]",0,1,0,,0,3,0,e,2,2,1,x,1,5,0,1,0,1,Slight rocking,,,,,,,,
CWS,2022carv,qm,60,b1,6956,[62],[11],1,0,1,x,[],"[26,25]",0,0,0,,1,o,0,x,2,a,1,x,0,3,0,0,0,0,"Slow claw, prone to being pushed off course by bot",,,,,,,,
ela,2023inmish,qm,61,r1,5402,[35],[],0,1,0,x,[],"[3,1,2,5,17]",0,1,0,,1,3,0,e,2,2,0,x,0,4,0,0,0,1,"very fast, and can quickly stabilize",,,,,,,,
CWS,2022carv,qm,61,b1,328,[50],[5],0,0,1,a,[],"[14,35,17]",0,0,0,,1,u,0,e,2,a,0,x,0,3,0,0,0,0,"Not a very good arm, can only score cubes by shoot",,,,,,,,
EAR,2023inmish,qm,61,r3,3936,[71],[8],1,0,1,x,[],[],0,1,0,,0,0,0,x,2,1,0,x,0,3,1,0,0,0,Good drive team com/problem solving,,,,,,,,
CRU,2023inmish,qm,61,b2,7477,[62],[],0,0,0,x,[],[],0,0,0,,0,0,0,x,2,0,0,b,0,2,0,0,0,0,Bot was slow and arm died at beginning of match,,,,,,,,
JIH,2023inmish,qm,61,r1,1555,[26],[],1,0,1,x,[],"[10,12]",0,1,0,,0,0,0,e,2,0,0,x,1,2,0,0,0,0,Got in the way a lot. Slow. Bad driver,,,,,,,,
JAM,2023inmish,qm,61,r2,45,[47],[],0,0,0,d,[],"[24,22,4]",0,0,0,,0,2,0,e,2,1,0,x,1,4,0,0,0,0,Had trouble placing too row,,,,,,,,
ela,2023inmish,qm,62,r1,2909,[70],[],1,0,0,x,[],[36],0,0,0,,0,,0,x,0,0,0,x,0,1,0,0,0,0,"very slow, didn't score barely at all",,,,,,,,
EAR,2023inmish,qm,62,r3,3147,[47],[1],0,1,1,x,[],"[2,8]",0,1,0,,0,1,0,d,2,1,0,x,0,4,0,1,0,0,"Overcorrections, wobbly",,,,,,,,
JAM,2023inmish,qm,62,r2,910,[47],[21],0,0,1,d,[],"[5,4,3,6]",0,0,0,,1,3,0,d,2,1,0,x,1,4,0,0,0,1,Constantly hit the top row,,,,,,,,
CRU,2023inmish,qm,62,b2,4982,[38],[],0,0,0,x,[],"[32,31,33]",0,0,0,,1,2,0,p,1,1,0,x,1,3,0,0,0,0,Had good ground pick up on cubes,,,,,,,,
LJP,2023inmish,qm,62,b3,2867,[38],[],0,0,1,x,[],"[8,2,30,20]",0,0,0,,0,3,0,d,1,1,0,x,0,3,0,1,1,0,Has tipped over several times before and is a bad ,,,,,,,,
ZD,2022carv,qm,62,b1,1747,[50],[11],1,0,1,x,[],[17],0,1,0,,0,x,0,e,2,a,0,x,1,3,0,0,1,0,Struggles with grabbing pieces set out by human,,,,,,,,
LJA,2023inmish,qm,63,r1,6721,[71],[36],1,0,0,x,[],[],0,0,0,,0,0,0,x,2,2,0,e,0,4,0,0,0,1,"Good D, not designed to score",,,,,,,,
JAM,2023inmish,qm,63,r2,1018,[35],[2],1,0,1,x,[],"[8,13,15,14]",0,0,0,,1,0,0,e,2,2,0,x,1,5,0,1,0,1,Tippy on hard stops,,,,,,,,
EAR,2023inmish,qm,63,r3,3940,[47],[5],0,0,1,e,[],"[4,1,3]",0,1,0,,1,1,0,e,2,2,0,x,0,4,0,0,0,1,Knowledgeable + efficient,,,,,,,,
ZD,2022carv,qm,63,b1,6956,[26],[17],0,0,1,x,[],"[19,27,25]",0,0,0,,0,o,0,p,3,a,1,a,1,3,0,0,0,0,Pushed cones arm wasn't working,,,,,,,,
LJP,2023inmish,qm,63,b3,461,[50],[2],1,0,1,x,[],"[1,3,6]",0,1,0,,1,3,0,e,3,2,0,e,0,5,0,0,0,1,Absolutely outstanding drivers fast scores,,,,,,,,
CRU,2023inmish,qm,63,b2,71,[38],[14],0,1,1,d,[],"[33,5,8,35]",0,1,0,,1,2,0,e,3,2,1,x,0,3,0,0,0,1,"Did well with cube disposal, was able to make top ",,,,,,,,
EAR,2023inmish,qm,64,r3,3487,[35],[],0,1,1,x,[],"[3,1,27]",0,0,0,,1,1,0,e,2,2,0,x,0,3,0,0,0,1,Good with cones only. No defense,,,,,,,,
JAM,2023inmish,qm,64,r2,9119,[59],[],1,0,1,x,[],[],0,0,0,,0,0,0,x,0,0,0,b,0,2,0,0,0,0,Can't pick up anything,,,,,,,,
CRU,2023inmish,qm,64,b2,9071,[26],[],0,0,1,x,[],[17],0,0,0,,0,0,0,a,2,1,0,x,0,3,0,1,0,0,They tipped and their chain broke to their intake,,,,,,,,
LJA,2023inmish,qm,64,r1,9119,[71],[],1,0,0,x,[],[],0,0,0,,0,0,0,x,2,0,0,b,0,2,0,0,0,0,"Pushed a cube, then blocked teamates for the rest ",,,,,,,,
ZD,2022carv,qm,64,b1,5484,[62],[10],0,0,0,x,[],"[18,25,16]",0,1,0,,1,x,0,e,2,a,1,a,1,3,0,0,1,0,Dropped multiple cones :(,,,,,,,,
LJP,2023inmish,qm,64,b3,862,[38],[32],0,1,1,e,[],"[10,0]",0,0,0,,0,2,0,a,0,1,0,a,0,2,0,0,1,0,Not great,,,,,,,,
EAR,2023inmish,qm,65,r3,868,[47],[5],0,0,1,a,[],[],0,0,1,868,0,,0,e,3,2,0,e,0,5,0,0,0,1,EXTREME defense,,,,,,,,
LJA,2023inmish,qm,65,r1,2197,[71],[27],0,0,0,x,[],"[26,25,24,23]",0,0,0,,1,1,0,e,3,2,2,g,0,5,0,0,0,1,Speed. Good at filling bottom,,,,,,,,
CRU,2023inmish,qm,65,b2,3176,[26],[27],0,0,1,e,[],"[15,4,3]",0,1,1,868,1,0,0,e,2,2,2,x,1,5,0,0,0,1,We did really well for getting defendid by 868,,,,,,,,
JAM,2023inmish,qm,65,r2,2197,[71],[26],0,0,1,x,[],"[25,24,23,22]",0,0,0,,0,1,0,e,3,2,0,x,1,5,0,0,0,1,Only pushed cones no top row,,,,,,,,
LJP,2023inmish,qm,65,b3,3865,[38],[5],0,0,1,x,[],"[6,7,8]",0,0,0,,0,3,0,x,2,1,0,a,0,3,0,1,0,0,,,,,,,,,
AMK,2022carv,qm,65,b1,3936,[62],[2],0,0,0,x,[],"[6,-2,4]",0,1,1,868,1,o,0,e,2,v,0,x,1,3,0,0,0,1,It's decent at all,,,,,,,,
LJP,2023inmish,qm,66,b3,4926,[38],[],0,0,1,e,[],[],0,0,0,,0,,0,x,0,0,0,b,0,1,0,0,0,0,Cube stuck in bot,,,,,,,,
CRU,2023inmish,qm,66,b2,5402,[26],[],0,0,1,x,[],[],0,0,0,,0,,0,x,1,1,0,x,0,3,0,1,0,0,Tipped over when crossing charging station,,,,,,,,
LJA,2023inmish,qm,66,r1,135,[71],[8],0,0,0,x,[],"[4,3,22,19,14,2]",0,0,0,,1,3,0,x,2,1,0,x,0,4,0,0,0,1,Low cycle times,,,,,,,,
AMK,2022carv,qm,66,b1,9208,[62],[2],1,1,1,x,[],"[7,8,5]",0,1,0,,1,x,0,d,1,a,0,x,0,3,0,0,0,1,Can quickly grab cones and cubes,,,,,,,,
EAR,2023inmish,qm,66,r3,328,[35],[28],0,1,1,x,[],"[5,31]",0,0,0,,0,2,0,e,2,2,0,x,0,3,0,0,0,1,Average all around + no defense,,,,,,,,
JAM,2023inmish,qm,66,r2,135,[71],[8],0,0,1,x,[],"[4,3,21,19,14,2]",0,0,0,,1,3,0,x,2,2,2,x,1,3,0,0,0,1,Effective and fast,,,,,,,,
JP,2023inmish,qm,5656,b2,1555,[50],[],0,0,1,d,"[25.7,1.7,29.2]","[24,23]",0,1,0,,0,0,0,e,2,2,0,g,0,3,0,0,0,1,Did an average job,,,,,,,,
